site_id|site_name
502|rbsblack.tenconcierge.com/ (United Kingdom, en-gb) [502]
501|smccvisainfinite.tenconcierge.com/ (Japan, ja) [501]
491|travel.mastercard.com/ (Sri Lanka, en-gb, World Elite, World Elite Debit Mastercard) [491]
504|teroxx-uat.tenproduct.com/ (United Kingdom, en-gb) [504]
233|visa-uat.tenproduct.com/ (United Arab Emirates, en-gb, Private) [233]
363|travel.mastercard.com/ (Australia, en-gb, World Elite, World Elite Debit Mastercard) [363]
499|manulifesg.tenconcierge.com/ (Singapore, en-gb) [499]
506|amex-uat.tenproduct.com/ (Mexico, es-co) [506]
496|spb.tenconcierge.com/ (Brazil, pt-br) [496]
103|travel.mastercard.com/ (United Kingdom, en-gb, World Elite Debit Mastercard) [103]
51|travel.mastercard.com/ (Japan, ja, World Elite, World Elite Debit Mastercard) [51]
503|nwb-uat.tenproduct.com/ (United Kingdom, en-gb) [503]
397|snb.travel.mastercard.com/ (Saudi Arabia, en-gb, World Elite Flex) [397]
236|www.visaconciergecemea.com/ (Lebanon, ar-ae, Infinite, Signature, Signature Business) [236]
126|www.visadigitalconcierge.com/ (Brazil, pt-br, Infinite) [126]
497|exclusive.eabplc.com/ (United Kingdom, en-gb) [497]
228|www.visaconciergecemea.com/ (Saudi Arabia, ar-ae, Infinite, Signature, Signature Business) [228]
505|hsbcpremieruk-uat.tenproduct.com/ (United Kingdom, en-gb) [505]
14|travel.mastercard.com/ (Brazil, pt-br, Black) [14]
204|travel-test.mastercard.com/ (Vietnam, en-gb, World) [204]
176|travel.mastercard.com/ (China Mainland, zh-hans, World) [176]
146|www.visadigitalconcierge.com/ (Peru, es-co, Infinite) [146]
398|snb.travel.mastercard.com/ (Saudi Arabia, en-gb, World Elite) [398]
203|travel.mastercard.com/ (Vietnam, en-gb, Platinum, Titanium) [203]
225|decommission.com/ (Kenya, en-gb) [225]
36|travel.mastercard.com/ (Guatemala, es-co, Platinum) [36]
55|travel-test.mastercard.com/ (Kuwait, ar-ae, World Elite) [55]
80|travel-test.mastercard.com/ (Saudi Arabia, en-gb, World Elite) [80]
4|travel.mastercard.com/ (United States, en-us) [4]
114|www.visadigitalconcierge.com/ (Dominican Republic, en-us, Signature) [114]
107|travel.mastercard.com/ (Vietnam, en-gb, World Elite, World Elite Debit Mastercard) [107]
334|www.visadigitalconcierge.com/ (Mexico, es-co, Signature, Signature Business) [334]
476|ginza6card.tenconcierge.com/ (Japan, ja) [476]
10|travel.mastercard.com/ (Argentina, es-co, Platinum) [10]
23|travel.mastercard.com/ (China Mainland, zh-hans, World) [23]
471|travel.mastercard.com/ (Netherlands, en-gb, World Elite, World) [471]
446|PENDING.tenproduct.com/ (United Arab Emirates, ar-ae) [446]
68|travel.mastercard.com/ (Panama, es-co, Platinum) [68]
81|travel-test.mastercard.com/ (Saudi Arabia, en-gb, World) [81]
24|travel.mastercard.com/ (Colombia, es-co, Platinum) [24]
498|exclusive.eabsa.eu/ (France, en-gb) [498]
184|travel.mastercard.com/ (Indonesia, en-gb, Platinum, Titanium) [184]
194|travel.mastercard.com/ (New Zealand, en-gb, Platinum, Titanium) [194]
344|travel.mastercard.com/ (Norway, nb-no, Platinum) [344]
119|www.visadigitalconcierge.com/ (Dominican Republic, en-us, Signature Business) [119]
123|www.visadigitalconcierge.com/ (Dominican Republic, es-co, Platinum Business) [123]
66|travel.mastercard.com/ (Nicaragua, es-co, Platinum) [66]
229|www.visaconciergecemea.com/ (United Arab Emirates, en-gb, Infinite, Signature, Signature Business) [229]
404|csdiamond.tenconcierge.com/ (Japan, ja) [404]
241|www.visaconciergecemea.com/ (Nigeria, fr-fr, Infinite, Signature, Corporate Signature, Signature Business) [241]
130|www.visadigitalconcierge.com/ (Mexico, es-co, Infinite) [130]
208|travel.mastercard.com/ (United Arab Emirates, ar-ae, World) [208]
226|decommission.com/ (Kenya, en-gb) [226]
489|pending.com/ (United States, en-us, Signature) [489]
381|saisonpremium.tenconcierge.com/ (Japan, ja) [381]
174|travel.mastercard.com/ (Australia, en-gb, Platinum, Titanium) [174]
230|www.visaconciergecemea.com/ (United Arab Emirates, ar-ae, Infinite, Signature, Signature Business) [230]
116|www.visadigitalconcierge.com/ (Dominican Republic, es-co, Infinite) [116]
52|travel.mastercard.com/ (Japan, ja, Gold) [52]
443|pending.com/ (China Mainland, en-gb) [443]
331|bankofmelbourne.tenconcierge.com/ (Australia, en-gb) [331]
361|travel.mastercard.com/ (Cambodia, en-gb, World Elite, World Elite Debit Mastercard) [361]
182|travel.mastercard.com/ (India, en-gb, Platinum, Titanium) [182]
148|www.visadigitalconcierge.com/ (Chile, es-co, Signature) [148]
454|gtcconcierge.tenconcierge.com/ (United Kingdom, en-gb) [454]
447|decommission.tenproduct.com/ (United States, en-us) [447]
71|travel.mastercard.com/ (Peru, es-co, Black) [71]
485|www.visaconciergecemea.com/ (Qatar, ar-ae, Platinum) [485]
490|www.visaconcierge.com/ (United States, en-us, Infinite) [490]
492|travel.mastercard.com/ (Myanmar, en-gb, World Elite, World Elite Debit Mastercard) [492]
481|visa-uat.tenproduct.com/ (United Arab Emirates, ar-ae, Platinum) [481]
486|www.visaconciergecemea.com/ (Qatar, en-gb, Platinum) [486]
221|visa-uat.tenproduct.com/ (Ukraine, en-gb, Infinite) [221]
479|travel.mastercard.com/ (Finland, fi-fi, World Elite, World) [479]
376|creditone.tenconcierge.com/ (United States, en-us) [376]
121|www.visadigitalconcierge.com/ (Dominican Republic, es-co, Signature) [121]
328|westpac.tenconcierge.com/ (Australia, en-gb) [328]
431|travel.mastercard.com/ (Qatar, en-gb, Platinum) [431]
475|travel.mastercard.com/ (Sri Lanka, en-gb, World) [475]
196|travel.mastercard.com/ (Philippines, en-gb, Platinum, Titanium, Platinum Debit) [196]
235|www.visaconciergecemea.com/ (Lebanon, en-gb, Infinite, Signature, Signature Business) [235]
420|travel-test.mastercard.com/ (France, fr-fr, Platinum) [420]
238|www.visaconciergecemea.com/ (Nigeria, en-gb, Infinite, Signature, Signature Business) [238]
426|travel.mastercard.com/ (Italy, it-it, World Elite, World, World Elite Debit Mastercard, Mastercard Preferred / World BusinessCard Card) [426]
345|travel.mastercard.com/ (Sweden, sv-se, World Elite, World) [345]
138|www.visadigitalconcierge.com/ (Colombia, es-co, Signature) [138]
48|travel.mastercard.com/ (Indonesia, en-gb, World Elite, World Elite Debit Mastercard) [48]
335|travel.mastercard.com/ (Spain, es-es, World Elite, World, Business Card, Platinum, World Elite Debit Mastercard) [335]
115|www.visadigitalconcierge.com/ (Dominican Republic, en-us, Platinum) [115]
220|pending.visa-uat.tenproduct.com/ (Ukraine, ru, Signature, Signature Business) [220]
314|citigoldprivateclient.travel.mastercard.com/ (United States, en-us, World) [314]
463|www.tenconcierge.com/ (Colombia, es-co) [463]
461|www.tenconcierge.com/ (Switzerland, en-gb) [461]
321|lifestyle.rakbank.ae/ (United Arab Emirates, ar-ae, World Elite) [321]
83|travel.mastercard.com/ (Singapore, en-gb, World Elite, World Elite Debit Mastercard) [83]
222|visa-uat.tenproduct.com/ (Ukraine, en-gb, Signature, Signature Business) [222]
494|visausholdingpage-uat.tenproduct.com/ (United States, en-us, Infinite) [494]
495|creditsaisonpremium-uat.tenproduct.com/ (Japan, ja) [495]
239|decommission.com/ (Nigeria, en-gb) [239]
245|hsbc-jade-travel-uat.tenproduct.com/ (Hong Kong SAR, zh-hant) [245]
442|scglobalexperiences.tenconcierge.com/ (Taiwan, zh-hant) [442]
5|travel.mastercard.com/ (United States, en-us) [5]
144|www.visadigitalconcierge.com/ (Peru, es-co, Platinum) [144]
150|www.visadigitalconcierge.com/ (Chile, es-co, Signature Business) [150]
317|swisscard-platinum-uat.tenproduct.com/ (Switzerland, de-ch) [317]
433|bacprivatebanking.tenconcierge.com/ (Guatemala, es-co) [433]
217|pending.visa-uat.tenproduct.com/ (Russia, en-gb, Signature, Signature Business) [217]
329|stgeorge.tenconcierge.com/ (Australia, en-gb) [329]
117|www.visadigitalconcierge.com/ (Argentina, en-us, Infinite) [117]
139|www.visadigitalconcierge.com/ (Colombia, es-co, Infinite) [139]
133|www.visadigitalconcierge.com/ (Mexico, es-co, Infinite Business) [133]
437|scglobalexperiences.tenconcierge.com/ (Hong Kong SAR, zh-hant) [437]
142|www.visadigitalconcierge.com/ (Argentina, es-co, Signature) [142]
12|travel.mastercard.com/ (Australia, en-gb, World) [12]
453|gtcconcierge.tenconcierge.com/ (United States, en-us) [453]
243|hsbc-jade-travel-uat.tenproduct.com/ (France, fr-fr) [243]
265|www.tenplatform.com/ (Singapore, en-gb) [265]
318|rbs-uat.tenproduct.com/ (United Kingdom, en-gb) [318]
127|www.visadigitalconcierge.com/ (Brazil, pt-br, Platinum) [127]
288|www.absatravelandlifestyle.co.za/ (South Africa, en-gb) [288]
474|travel.mastercard.com/ (Bangladesh, en-gb, World Elite, World Elite Debit Mastercard) [474]
110|www.visadigitalconcierge.com/ (United States, en-us) [110]
147|www.visadigitalconcierge.com/ (Chile, es-co, Platinum) [147]
240|decommission.com/ (Nigeria, fr-fr) [240]
129|www.visadigitalconcierge.com/ (Brazil, pt-br, Infinite Corporate) [129]
120|www.visadigitalconcierge.com/ (Dominican Republic, en-us, Infinite Business) [120]
256|www.packconcierge.com/ (United Kingdom, en-gb) [256]
122|www.visadigitalconcierge.com/ (Dominican Republic, es-co, Platinum Business, Platinum) [122]
89|travel-test.mastercard.com/ (South Africa, en-gb, World Elite) [89]
456|www.tenconcierge.com/ (Brazil, pt-br) [456]
333|www.visadigitalconcierge.com/ (Brazil, pt-br, Signature, Signature Business, Corporate Signature) [333]
480|www.visaconciergecemea.com/ (United Arab Emirates, en-gb, Platinum) [480]
458|www.tenconcierge.com/ (Japan, ja) [458]
232|decommission.com/ (Saudi Arabia, ar-ae) [232]
227|www.visaconciergecemea.com/ (Saudi Arabia, en-gb, Infinite, Signature, Signature Business) [227]
482|visa-uat.tenproduct.com/ (Saudi Arabia, en-gb, Platinum) [482]
219|pending.visa-uat.tenproduct.com/ (Ukraine, ru, Infinite) [219]
118|www.visadigitalconcierge.com/ (Dominican Republic, en-us, Platinum Business) [118]
165|decommission.com/ (China Mainland, zh-hans) [165]
162|www.decommission-concierge.hsbc.com/ (Canada, fr-ca) [162]
100|travel.mastercard.com/ (United Arab Emirates, ar-ae, World) [100]
469|travel.mastercard.com/ (Latvia, en-gb, World Elite, World) [469]
158|www.concierge.hsbc.com/ (United States, en-us) [158]
451|mtlsneo-uat.tenproduct.com/ (Saudi Arabia, en-gb, World Flex) [451]
467|travel.mastercard.com/ (Estonia, en-gb, World Elite, World) [467]
369|decommissioned.tenconcierge.com/ (United States, en-us) [369]
336|www.dinersclubdigitalassistant.com/ (South Africa, en-gb) [336]
215|pending.visa-uat.tenproduct.com/ (Russia, ru, Infinite) [215]
279|cnb-uat.tenproduct.com/ (United States, en-us) [279]
385|explore.tenconcierge.com/ (United Kingdom, en-gb) [385]
242|hsbc-jade-travel-uat.tenproduct.com/ (United Kingdom, en-gb) [242]
237|www.visaconciergecemea.com/ (Lebanon, fr-fr, Infinite, Signature, Signature Business) [237]
290|www.dnbelysion.no/ (Norway, en-gb) [290]
124|www.visadigitalconcierge.com/ (Dominican Republic, es-co, Signature Business) [124]
415|travel-test.mastercard.com/ (Netherlands, nl-be, Platinum, Select) [415]
253|www.tenplatform.com/ (Mexico, es-co) [253]
2|www.tenplatform.com/ (United Kingdom, en-gb) [2]
161|www.decommission-concierge.hsbc.com/ (Canada, en-ca) [161]
234|visa-uat.tenproduct.com/ (United Arab Emirates, ar-ae, Private) [234]
477|travel.mastercard.com/ (Denmark, da-dk, World Elite, World) [477]
197|travel.mastercard.com/ (Singapore, en-gb, World) [197]
218|pending.visa-uat.tenproduct.com/ (Russia, en-gb, Infinite) [218]
394|decommission.tenconcierge.com/ (Brazil, pt-br) [394]
246|www.tenemployeeloyalty.com/ (United Kingdom, en-gb) [246]
440|scglobalexperiences.tenconcierge.com/ (Singapore, zh-hans) [440]
400|decommision.com/ (Saudi Arabia, ar-ae, Platinum, Gold, Titanium) [400]
452|mtlsneo-uat.tenproduct.com/ (Saudi Arabia, ar-ae, World Flex) [452]
352|travel.mastercard.com/ (Denmark, da-dk, Platinum, Gold) [352]
61|travel.mastercard.com/ (Malaysia, en-gb, Platinum, Titanium) [61]
445|scglobalexperiences.tenconcierge.com/ (United Arab Emirates, en-gb) [445]
468|travel.mastercard.com/ (Lithuania, en-gb, World Elite, World) [468]
483|visa-uat.tenproduct.com/ (Saudi Arabia, ar-ae, Platinum) [483]
484|visa-uat.tenproduct.com/ (South Africa, en-gb, Platinum) [484]
488|www.concierge.luxurycard.co.jp/ (Japan, ja) [488]
252|www.tenplatform.com/ (Japan, ja) [252]
60|travel.mastercard.com/ (Malaysia, en-gb, World) [60]
223|www.visaconciergecemea.com/ (South Africa, en-gb, Infinite, Signature, Corporate Signature, Signature Business) [223]
438|scglobalexperiences.tenconcierge.com/ (Hong Kong SAR, zh-hans) [438]
319|natwest-uat.tenproduct.com/ (United Kingdom, en-gb) [319]
478|travel.mastercard.com/ (Austria, en-gb, World Elite, World Elite Debit Mastercard) [478]
192|travel.mastercard.com/ (Malaysia, en-gb, World, Titanium) [192]
339|decommission.tenconcierge.com/ (Hong Kong SAR, en-gb) [339]
128|www.visadigitalconcierge.com/ (Brazil, pt-br, Platinum Business) [128]
87|travel.mastercard.com/ (Singapore, zh-hans, Platinum, Titanium) [87]
449|visatrial-uat.tenproduct.com/ (United States, en-us) [449]
231|decommission.com/ (Saudi Arabia, en-gb) [231]
266|www.tenconcierge.com/ (United States, en-us) [266]
108|travel.mastercard.com/ (Vietnam, en-gb, World) [108]
270|decommision.com/ (United Kingdom, en-gb, RBC Enterprise) [270]
13|travel.mastercard.com/ (Brazil, pt-br, Platinum) [13]
473|travel.mastercard.com/ (Netherlands, nl-nl, World Elite, World) [473]
258|decommision.com/ (Canada, en-ca, RBC Enterprise) [258]
168|www.concierge.hsbc.com/ (Jersey, en-gb) [168]
79|travel-test.mastercard.com/ (Saudi Arabia, ar-ae, World Elite) [79]
301|www.tenconcierge.com/ (United Kingdom, en-gb) [301]
50|travel.mastercard.com/ (Indonesia, en-gb, World) [50]
255|www.tenplatform.com/ (Germany, de-ch) [255]
156|DECOMMISSION/ (France, en-gb) [156]
326|www.sjpconcierge.tenconcierge.com/ (United Kingdom, en-gb) [326]
374|w-decommissioned.tenconcierge.com/ (United States, en-us) [374]
338|www.centurioncard.ch/ (Switzerland, en-gb) [338]
125|www.visadigitalconcierge.com/ (Dominican Republic, es-co, Infinite Business) [125]
257|www.barclaysinfiniteconcierge.com/ (United Kingdom, en-gb) [257]
405|www.sagalife.tenconcierge.com/ (Norway, nb-no) [405]
22|travel.mastercard.com/ (China Mainland, zh-hans, Platinum, Titanium) [22]
38|travel.mastercard.com/ (Honduras, es-co, Platinum) [38]
188|travel.mastercard.com/ (Japan, ja, Gold) [188]
466|www.tenconcierge.com/ (Australia, en-gb) [466]
351|www.tenplatform.com/ (United Kingdom, en-gb) [351]
430|rbc-enterprise-uat.tenproduct.com/ (Canada, en-ca, RBC Enterprise) [430]
284|bcg-uat.tenproduct.com/ (Japan, en-gb) [284]
33|travel-test.mastercard.com/ (Egypt, ar-ae, World) [33]
42|travel.mastercard.com/ (Hong Kong SAR, zh-hant, Platinum, Titanium) [42]
84|travel.mastercard.com/ (Singapore, zh-hans, World Elite) [84]
457|www.tenconcierge.com/ (Mexico, es-co) [457]
268|decommision.com/ (Canada, fr-ca, RBC Enterprise) [268]
281|travel.mastercard.com/ (Puerto Rico, es-co, World, Platinum) [281]
439|scglobalexperiences.tenconcierge.com/ (Singapore, en-gb) [439]
459|www.tenconcierge.com/ (United States, en-us) [459]
330|banksa.tenconcierge.com/ (Australia, en-gb) [330]
366|creditone.tenconcierge.com/ (United States, en-us) [366]
175|travel.mastercard.com/ (Australia, en-gb, World) [175]
401|snb.travel.mastercard.com/ (Saudi Arabia, ar-ae, World Elite) [401]
435|www.concierge.hsbc.com/ (India, en-gb) [435]
462|www.tenconcierge.com/ (India, en-gb) [462]
15|travel-test.mastercard.com/ (Canada, en-ca, World) [15]
178|travel.mastercard.com/ (Hong Kong SAR, zh-hant, Platinum, Titanium) [178]
389|decommission.com/ (United Kingdom, en-gb) [389]
88|travel.mastercard.com/ (Singapore, zh-hans, World) [88]
132|DECOMMISSION/ (Mexico, es-co, Platinum Business) [132]
74|travel.mastercard.com/ (Philippines, en-gb, World) [74]
416|theassistantitau.travel.mastercard.com/ (Brazil, pt-br) [416]
86|travel.mastercard.com/ (Singapore, en-gb, World) [86]
470|www.tenconcierge.com/ (United Arab Emirates, en-gb) [470]
94|travel.mastercard.com/ (Taiwan, zh-hant, World) [94]
263|www.tenplatform.com/ (Russia, ru) [263]
444|pending.com/ (China Mainland, zh-hans) [444]
390|creditone.tenconcierge.com/ (United States, en-us) [390]
111|www.concierge.hsbc.com/ (United Kingdom, en-gb) [111]
303|bcg.tenconcierge.com/ (United Arab Emirates, en-gb) [303]
18|travel-test.mastercard.com/ (Canada, fr-ca, World Elite) [18]
16|travel-test.mastercard.com/ (Canada, en-ca, World Elite) [16]
157|DECOMMISSION/ (France, fr-fr) [157]
69|travel.mastercard.com/ (Panama, es-co, Black) [69]
313|www.tenconcierge.com/ (United Kingdom, en-gb) [313]
379|www.platinumtravel-be.tenconcierge.com/ (Belgium, en-gb) [379]
64|travel.mastercard.com/ (New Zealand, en-gb, Platinum, Titanium) [64]
151|decommission.tenproduct.com/ (Hong Kong SAR, en-gb) [151]
316|swisscard-platinum-uat.tenproduct.com/fr-fr/ (Switzerland, fr-fr) [316]
384|travel.mastercard.com/ (Bahamas, en-us, Black) [384]
201|travel.mastercard.com/ (Thailand, en-gb, World) [201]
248|tlbeminence.transamericalifebermuda.com/ (Singapore, en-gb) [248]
173|www.evasion.scotiagestiondepatrimoine.com/ (Canada, fr-ca) [173]
72|travel.mastercard.com/ (Philippines, en-gb, World Elite, World Elite Debit Mastercard) [72]
180|travel.mastercard.com/ (Hong Kong SAR, en-gb, World) [180]
450|DECOMMISSION-wellsfargo-uat.tenproduct.com/ (United States, en-us) [450]
44|travel.mastercard.com/ (Hong Kong SAR, en-gb, Platinum, Titanium) [44]
432|travel.mastercard.com/ (Qatar, ar-ae, Platinum) [432]
85|travel.mastercard.com/ (Singapore, en-gb, Platinum, Titanium) [85]
423|tenconcierge.amexgold.scotiabank.com/ (Canada, en-ca) [423]
179|travel.mastercard.com/ (Hong Kong SAR, zh-hant, World) [179]
396|dnbpb.tenconcierge.com/ (Norway, nb-no) [396]
302|hsbcvi.tenconcierge.com/ (Singapore, en-gb) [302]
167|decommission.com/ (China Mainland, en-gb) [167]
53|travel.mastercard.com/ (Japan, ja, Platinum, Titanium) [53]
250|www.tenplatform.com/ (China Mainland, zh-hans) [250]
315|www.platinum.travel-lifestyle.ch/ (Switzerland, en-gb) [315]
67|travel.mastercard.com/ (Nicaragua, es-co, Black) [67]
382|www.travel-lifestyle.centurion.tenconcierge.com/ (Belgium, en-gb) [382]
427|travel.mastercard.com/ (Ecuador, es-co) [427]
39|travel.mastercard.com/ (Honduras, es-co, Black) [39]
171|travel.mastercard.com/ (Hong Kong SAR, en-gb, World) [171]
189|travel.mastercard.com/ (South Korea, ko, Platinum, Titanium) [189]
98|travel.mastercard.com/ (Thailand, en-gb, World) [98]
43|travel.mastercard.com/ (Hong Kong SAR, zh-hant, World) [43]
371|navyfederal.tenconcierge.com/ (United States, en-us) [371]
183|travel.mastercard.com/ (India, en-gb, World) [183]
393|Decommission.tenconcierge.com/ (Brazil, en-us) [393]
380|www.tenconcierge.com/ (United Kingdom, en-gb) [380]
131|DECOMMISSION/ (Mexico, es-co, Platinum) [131]
49|travel.mastercard.com/ (Indonesia, en-gb, Platinum, Titanium, Platinum Debit Mastercard) [49]
269|decommision.com/ (United States, en-us, RBC Enterprise) [269]
145|www.visadigitalconcierge.com/ (Peru, es-co, Signature) [145]
73|travel.mastercard.com/ (Philippines, en-gb, Platinum, Titanium, Platinum Debit) [73]
206|travel.mastercard.com/ (Taiwan, zh-hant, Platinum, Titanium) [206]
59|travel.mastercard.com/ (Malaysia, en-gb, World Elite, World Elite Debit Mastercard) [59]
76|travel.mastercard.com/ (Qatar, en-gb, World Elite) [76]
408|www.sagalife.tenconcierge.com/ (Norway, en-gb) [408]
202|travel.mastercard.com/ (Thailand, en-gb, Platinum, Titanium) [202]
102|travel.mastercard.com/ (United Arab Emirates, en-gb, World) [102]
264|www.tenplatform.com/ (Canada, fr-ca) [264]
285|bcg-uat.tenproduct.com/ (Singapore, en-gb) [285]
155|www.concierge.hsbc.com/ (Singapore, en-gb) [155]
143|www.visadigitalconcierge.com/ (Argentina, es-co, Corporate Signature) [143]
244|hsbc-jade-travel-uat.tenproduct.com/ (Hong Kong SAR, zh-hans) [244]
170|travel.mastercard.com/ (India, en-gb, World Elite, World Elite Debit Mastercard) [170]
464|www.tenconcierge.com/ (Singapore, en-gb) [464]
137|www.visadigitalconcierge.com/ (Mexico, es-co, Infinite Corporate) [137]
434|travel.mastercard.com/ (Belgium, en-gb, World Elite, World, Select) [434]
56|travel-test.mastercard.com/ (Kuwait, en-gb, World Elite) [56]
91|travel.mastercard.com/ (South Korea, ko, World) [91]
392|decommission.tenconcierge.com/ (Mexico, es-co) [392]
399|decommision.com/ (Saudi Arabia, en-gb, Platinum, Gold, Titanium) [399]
355|www.tenconcierge.com/ (Hong Kong SAR, zh-hant) [355]
177|travel.mastercard.com/ (China Mainland, zh-hans, Platinum, Titanium) [177]
181|travel.mastercard.com/ (Hong Kong SAR, en-gb, Platinum, Titanium) [181]
261|www.tenplatform.com/ (France, fr-fr) [261]
164|www.decommission-concierge.hsbc.com/ (Canada, zh-hans) [164]
112|Decommissioned.concierge.coutts.com/ (United Kingdom, en-gb) [112]
216|pending.visa-uat.tenproduct.com/ (Russia, ru, Signature, Signature Business) [216]
65|travel.mastercard.com/ (New Zealand, en-gb, World) [65]
27|travel.mastercard.com/ (Costa Rica, es-co, Black) [27]
365|travel-test.mastercard.com/ (New Zealand, en-gb, World Elite, World Elite Debit Mastercard) [365]
224|decommission.com/ (South Africa, en-gb) [224]
286|bcg.tenconcierge.com/ (Hong Kong SAR, en-gb) [286]
70|travel.mastercard.com/ (Peru, es-co, Platinum) [70]
195|travel.mastercard.com/ (Philippines, en-gb, World) [195]
259|www.tenplatform.com/ (South Korea, ko) [259]
200|travel.mastercard.com/ (Singapore, zh-hans, Platinum, Titanium) [200]
20|travel.mastercard.com/ (Chile, es-co, Black) [20]
247|tlbeminence.transamericalifebermuda.com/ (Hong Kong SAR, en-gb) [247]
327|dbs-uat.tenproduct.com/ (Singapore, en-gb) [327]
337|www.dinersclubdigitalassistantandconcierge.com/ (South Africa, en-gb) [337]
386|travel.mastercard.com/ (Belgium, fr-fr, World Elite, World) [386]
41|travel.mastercard.com/ (Hong Kong SAR, en-gb, World Elite, World Elite Debit Mastercard) [41]
205|travel.mastercard.com/ (Taiwan, zh-hant, World) [205]
455|www.tenconcierge.com/ (South Africa, en-gb) [455]
402|snb.travel.mastercard.com/ (Saudi Arabia, ar-ae, World Elite Flex) [402]
441|scglobalexperiences.tenconcierge.com/ (Taiwan, en-gb) [441]
187|travel.mastercard.com/ (Japan, ja, Platinum, Titanium) [187]
57|travel-test.mastercard.com/ (Kuwait, ar-ae, World) [57]
342|travel.mastercard.com/ (Norway, nb-no, World Elite, World, Gold) [342]
306|www.dnbelysion.no/ (Norway, nb-no) [306]
54|travel.mastercard.com/ (Japan, ja, World) [54]
101|travel.mastercard.com/ (United Arab Emirates, en-gb, World Elite) [101]
109|travel.mastercard.com/ (Vietnam, en-gb, Platinum, Titanium) [109]
422|conciergerieten.amexplatine.banquescotia.com/ (Canada, fr-ca) [422]
1|tp-dashboard.ts-prod-euw1-internal.tensrv.com/ (United Kingdom, en-gb) [1]
193|travel.mastercard.com/ (New Zealand, en-gb, World) [193]
198|travel.mastercard.com/ (Singapore, en-gb, Platinum, Titanium) [198]
97|travel.mastercard.com/ (Thailand, en-gb, Platinum, Titanium) [97]
460|www.tenconcierge.com/ (Canada, en-ca) [460]
163|www.decommission-concierge.hsbc.com/ (Canada, zh-hant) [163]
359|travel.mastercard.com/ (Cambodia, en-gb, World) [359]
199|travel.mastercard.com/ (Singapore, zh-hans, World) [199]
95|travel.mastercard.com/ (Taiwan, zh-hant, Platinum, Titanium) [95]
274|test.voyagemilesconcierge.com/ (Hong Kong SAR, zh-hant) [274]
276|DECOMMISSION/ (United Arab Emirates, en-gb) [276]
93|travel.mastercard.com/ (Taiwan, zh-hant, World Elite, World Elite Debit Mastercard) [93]
395|dnbpb.tenconcierge.com/ (Norway, en-gb) [395]
99|travel.mastercard.com/ (United Arab Emirates, ar-ae, World Elite) [99]
283|bcg.tenconcierge.com/ (United States, en-us) [283]
153|decommission.tenproduct.com/ (Hong Kong SAR, zh-hans) [153]
251|www.tenplatform.com/ (Hong Kong SAR, zh-hant) [251]
429|travel.mastercard.com/ (Belgium, fr-fr, World Elite, World, Select) [429]
47|travel.mastercard.com/ (India, en-gb, World) [47]
388|travel.mastercard.com/ (Belgium, nl-be, World Elite, World) [388]
254|www.tenplatform.com/ (United Arab Emirates, ar-ae) [254]
186|travel.mastercard.com/ (Japan, ja, World) [186]
280|travel.mastercard.com/ (Puerto Rico, es-co, World Elite, Black) [280]
409|bancopichincha.tenconcierge.com/ (Ecuador, es-co, Infinite, Signature, Infinite Corporate, Infinite Business, Signature Business, Corporate Signature, Platinum Business, Platinum) [409]
425|conciergerieten.amexor.banquescotia.com/ (Canada, fr-ca) [425]
421|tenconcierge.amexplatinum.scotiabank.com/ (Canada, en-ca) [421]
11|travel.mastercard.com/ (Australia, en-gb, Platinum, Titanium) [11]
25|travel.mastercard.com/ (Colombia, es-co, Black) [25]
78|travel-test.mastercard.com/ (Qatar, ar-ae, World) [78]
428|travel.mastercard.com/ (Belgium, nl-be, World Elite, World, Select) [428]
185|travel.mastercard.com/ (Indonesia, en-gb, World) [185]
63|travel.mastercard.com/ (Mexico, es-co, World Elite, World Elite Debit Mastercard) [63]
75|travel.mastercard.com/ (Qatar, ar-ae, World Elite) [75]
96|travel.mastercard.com/ (Thailand, en-gb, World Elite, World Elite Debit Mastercard) [96]
387|travel.mastercard.com/ (Belgium, en-gb, World Elite, World) [387]
77|travel-test.mastercard.com/ (Qatar, en-gb, World) [77]
356|travel.mastercard.com/ (Cambodia, en-gb, Platinum) [356]
358|travel.mastercard.com/ (Cambodia, en-gb, Platinum) [358]
82|travel-test.mastercard.com/ (Saudi Arabia, ar-ae, World) [82]
465|www.tenconcierge.com/ (Hong Kong SAR, en-gb) [465]
360|travel.mastercard.com/ (Cambodia, en-gb, World) [360]
353|www.tenconcierge.com/ (Singapore, en-gb) [353]
30|travel.mastercard.com/ (Ecuador, es-co, Platinum) [30]
373|decommissioned.tenconcierge.com/ (United States, en-us) [373]
362|travel.mastercard.com/ (South Korea, ko, World Elite, World Elite Debit Mastercard) [362]
383|travel.mastercard.com/ (Bahamas, en-us, Platinum) [383]
378|travel.mastercard.com/ (Italy, it-it, World) [378]
267|www.tenplatform.com/ (Canada, en-ca) [267]
403|travel.mastercard.com/ (Iceland, en-gb, Business Card, Platinum) [403]
9|travel.mastercard.com/ (Argentina, es-co, Black) [9]
406|www.nomuraconcierge.com/ (Japan, ja) [406]
190|travel.mastercard.com/ (South Korea, ko, World) [190]
31|travel.mastercard.com/ (Ecuador, es-co, Black) [31]
90|travel-test.mastercard.com/ (South Africa, en-gb, World) [90]
191|travel.mastercard.com/ (Malaysia, en-gb, Platinum, Titanium) [191]
62|travel.mastercard.com/ (Mexico, es-co, Platinum) [62]
104|travel-test.mastercard.com/ (United Kingdom, en-gb, World) [104]
29|travel.mastercard.com/ (Dominican Republic, es-co, Black) [29]
32|travel-test.mastercard.com/ (Egypt, ar-ae, World Elite) [32]
262|www.tenplatform.com/ (Brazil, pt-br) [262]
152|decommission.tenproduct.com/ (Hong Kong SAR, zh-hant) [152]
40|travel.mastercard.com/ (Hong Kong SAR, zh-hant, World Elite, World Elite Debit Mastercard) [40]
436|scglobalexperiences.tenconcierge.com/ (Hong Kong SAR, en-gb) [436]
149|www.visadigitalconcierge.com/ (Chile, es-co, Infinite) [149]
34|travel.mastercard.com/ (El Salvador, es-co, Platinum) [34]
46|travel.mastercard.com/ (India, en-gb, Platinum, Titanium) [46]
347|travel.mastercard.com/ (Sweden, sv-se, Platinum) [347]
273|test.voyagemilesconcierge.com/ (Hong Kong SAR, en-gb) [273]
377|travel.mastercard.com/ (Dominican Republic, es-co) [377]
92|travel.mastercard.com/ (South Korea, ko, Platinum, Titanium) [92]
277|DECOMMISSION/ (United Arab Emirates, ar-ae) [277]
341|decommision.tenconcierge.com/ (Hong Kong SAR, zh-hant) [341]
207|travel-test.mastercard.com/ (United Arab Emirates, en-gb, World) [207]
354|www.tenconcierge.com/ (Hong Kong SAR, en-gb) [354]
320|lifestyle.rakbank.ae/ (United Arab Emirates, en-gb, World Elite) [320]
372|decommissioned.tenconcierge.com/ (United States, en-us) [372]
282|bcg.tenconcierge.com/ (United Kingdom, en-gb) [282]
28|travel.mastercard.com/ (Dominican Republic, es-co, Platinum) [28]
272|decommision.com/ (Canada, fr-ca, RBC Infinite) [272]
21|travel.mastercard.com/ (China Mainland, zh-hans, World Elite, World Elite Debit Mastercard) [21]
271|decommision.com/ (Canada, en-ca, RBC Infinite) [271]
278|carlauren-uat.tenproduct.com/ (United Kingdom, en-gb) [278]
309|vodafone-uat.tenproduct.com/ (United Kingdom, en-gb) [309]
172|www.pursuits.scotiawealthmanagement.com/ (Canada, en-ca) [172]
249|test.voyagemilesconcierge.com/ (Singapore, en-gb) [249]
140|www.visadigitalconcierge.com/ (Colombia, es-co, Platinum) [140]
19|travel.mastercard.com/ (Chile, es-co, Platinum) [19]
35|travel.mastercard.com/ (El Salvador, es-co, Black) [35]
37|travel.mastercard.com/ (Guatemala, es-co, Black) [37]
26|travel.mastercard.com/ (Costa Rica, es-co, Platinum) [26]
391|Decommission.tenconcierge.com/ (Mexico, en-us) [391]
141|www.visadigitalconcierge.com/ (Argentina, es-co, Platinum) [141]
17|travel-test.mastercard.com/ (Canada, fr-ca, World) [17]
58|travel-test.mastercard.com/ (Kuwait, en-gb, World) [58]
